Category,Metric,Value,Source,Description
gem5_stats,simSeconds,3.1e-05,stats.txt,gem5 simulation statistic
gem5_stats,simTicks,31497000.0,stats.txt,gem5 simulation statistic
gem5_stats,finalTick,31497000.0,stats.txt,gem5 simulation statistic
gem5_stats,simFreq,1000000000000.0,stats.txt,gem5 simulation statistic
gem5_stats,hostSeconds,0.02,stats.txt,gem5 simulation statistic
gem5_stats,hostTickRate,1965736753.0,stats.txt,gem5 simulation statistic
gem5_stats,hostMemory,405225632.0,stats.txt,gem5 simulation statistic
gem5_stats,simInsts,5701.0,stats.txt,gem5 simulation statistic
gem5_stats,simOps,10302.0,stats.txt,gem5 simulation statistic
gem5_stats,hostInstRate,355225.0,stats.txt,gem5 simulation statistic
gem5_stats,hostOpRate,641709.0,stats.txt,gem5 simulation statistic
gem5_stats,system.clk_domain.clock,1000.0,stats.txt,gem5 simulation statistic
gem5_stats,system.cpu.numCycles,62994.0,stats.txt,gem5 simulation statistic
gem5_stats,system.cpu.cpi,11.024501,stats.txt,gem5 simulation statistic
gem5_stats,system.cpu.ipc,0.090707,stats.txt,gem5 simulation statistic
gem5_stats,system.cpu.numWorkItemsStarted,0.0,stats.txt,gem5 simulation statistic
gem5_stats,system.cpu.numWorkItemsCompleted,0.0,stats.txt,gem5 simulation statistic
gem5_stats,system.cpu.commitStats0.numInsts,5714.0,stats.txt,gem5 simulation statistic
gem5_stats,system.cpu.commitStats0.numOps,10315.0,stats.txt,gem5 simulation statistic
gem5_stats,system.cpu.commitStats0.numInstsNotNOP,0.0,stats.txt,gem5 simulation statistic
gem5_stats,system.cpu.commitStats0.numOpsNotNOP,0.0,stats.txt,gem5 simulation statistic
gem5_stats,system.cpu.commitStats0.cpi,11.024501,stats.txt,gem5 simulation statistic
gem5_stats,system.cpu.commitStats0.ipc,0.090707,stats.txt,gem5 simulation statistic
gem5_stats,system.cpu.commitStats0.numMemRefs,0.0,stats.txt,gem5 simulation statistic
gem5_stats,system.cpu.commitStats0.numFpInsts,0.0,stats.txt,gem5 simulation statistic
gem5_stats,system.cpu.commitStats0.numIntInsts,10195.0,stats.txt,gem5 simulation statistic
gem5_stats,system.cpu.commitStats0.numLoadInsts,1084.0,stats.txt,gem5 simulation statistic
gem5_stats,system.cpu.commitStats0.numStoreInsts,943.0,stats.txt,gem5 simulation statistic
gem5_stats,system.cpu.commitStats0.numVecInsts,0.0,stats.txt,gem5 simulation statistic
gem5_stats,system.cpu.commitStats0.committedInstType::No_OpClass,0.0,stats.txt,gem5 simulation statistic
gem5_stats,system.cpu.commitStats0.committedInstType::IntAlu,8275.0,stats.txt,gem5 simulation statistic
gem5_stats,system.cpu.commitStats0.committedInstType::IntMult,6.0,stats.txt,gem5 simulation statistic
gem5_stats,system.cpu.commitStats0.committedInstType::IntDiv,7.0,stats.txt,gem5 simulation statistic
gem5_stats,system.cpu.commitStats0.committedInstType::FloatAdd,0.0,stats.txt,gem5 simulation statistic
gem5_stats,system.cpu.commitStats0.committedInstType::FloatCmp,0.0,stats.txt,gem5 simulation statistic
gem5_stats,system.cpu.commitStats0.committedInstType::FloatCvt,0.0,stats.txt,gem5 simulation statistic
gem5_stats,system.cpu.commitStats0.committedInstType::FloatMult,0.0,stats.txt,gem5 simulation statistic
gem5_stats,system.cpu.commitStats0.committedInstType::FloatMultAcc,0.0,stats.txt,gem5 simulation statistic
gem5_stats,system.cpu.commitStats0.committedInstType::FloatDiv,0.0,stats.txt,gem5 simulation statistic
gem5_stats,system.cpu.commitStats0.committedInstType::FloatMisc,0.0,stats.txt,gem5 simulation statistic
gem5_stats,system.cpu.commitStats0.committedInstType::FloatSqrt,0.0,stats.txt,gem5 simulation statistic
gem5_stats,system.cpu.commitStats0.committedInstType::SimdAdd,0.0,stats.txt,gem5 simulation statistic
gem5_stats,system.cpu.commitStats0.committedInstType::SimdAddAcc,0.0,stats.txt,gem5 simulation statistic
gem5_stats,system.cpu.commitStats0.committedInstType::SimdAlu,0.0,stats.txt,gem5 simulation statistic
gem5_stats,system.cpu.commitStats0.committedInstType::SimdCmp,0.0,stats.txt,gem5 simulation statistic
gem5_stats,system.cpu.commitStats0.committedInstType::SimdCvt,0.0,stats.txt,gem5 simulation statistic
gem5_stats,system.cpu.commitStats0.committedInstType::SimdMisc,0.0,stats.txt,gem5 simulation statistic
gem5_stats,system.cpu.commitStats0.committedInstType::SimdMult,0.0,stats.txt,gem5 simulation statistic
gem5_stats,system.cpu.commitStats0.committedInstType::SimdMultAcc,0.0,stats.txt,gem5 simulation statistic
gem5_stats,system.cpu.commitStats0.committedInstType::SimdMatMultAcc,0.0,stats.txt,gem5 simulation statistic
gem5_stats,system.cpu.commitStats0.committedInstType::SimdShift,0.0,stats.txt,gem5 simulation statistic
gem5_stats,system.cpu.commitStats0.committedInstType::SimdShiftAcc,0.0,stats.txt,gem5 simulation statistic
gem5_stats,system.cpu.commitStats0.committedInstType::SimdDiv,0.0,stats.txt,gem5 simulation statistic
gem5_stats,system.cpu.commitStats0.committedInstType::SimdSqrt,0.0,stats.txt,gem5 simulation statistic
gem5_stats,system.cpu.commitStats0.committedInstType::SimdFloatAdd,0.0,stats.txt,gem5 simulation statistic
gem5_stats,system.cpu.commitStats0.committedInstType::SimdFloatAlu,0.0,stats.txt,gem5 simulation statistic
gem5_stats,system.cpu.commitStats0.committedInstType::SimdFloatCmp,0.0,stats.txt,gem5 simulation statistic
gem5_stats,system.cpu.commitStats0.committedInstType::SimdFloatCvt,0.0,stats.txt,gem5 simulation statistic
gem5_stats,system.cpu.commitStats0.committedInstType::SimdFloatDiv,0.0,stats.txt,gem5 simulation statistic
gem5_stats,system.cpu.commitStats0.committedInstType::SimdFloatMisc,0.0,stats.txt,gem5 simulation statistic
gem5_stats,system.cpu.commitStats0.committedInstType::SimdFloatMult,0.0,stats.txt,gem5 simulation statistic
gem5_stats,system.cpu.commitStats0.committedInstType::SimdFloatMultAcc,0.0,stats.txt,gem5 simulation statistic
gem5_stats,system.cpu.commitStats0.committedInstType::SimdFloatMatMultAcc,0.0,stats.txt,gem5 simulation statistic
gem5_stats,system.cpu.commitStats0.committedInstType::SimdFloatSqrt,0.0,stats.txt,gem5 simulation statistic
gem5_stats,system.cpu.commitStats0.committedInstType::SimdReduceAdd,0.0,stats.txt,gem5 simulation statistic
gem5_stats,system.cpu.commitStats0.committedInstType::SimdReduceAlu,0.0,stats.txt,gem5 simulation statistic
gem5_stats,system.cpu.commitStats0.committedInstType::SimdReduceCmp,0.0,stats.txt,gem5 simulation statistic
gem5_stats,system.cpu.commitStats0.committedInstType::SimdFloatReduceAdd,0.0,stats.txt,gem5 simulation statistic
gem5_stats,system.cpu.commitStats0.committedInstType::SimdFloatReduceCmp,0.0,stats.txt,gem5 simulation statistic
gem5_stats,system.cpu.commitStats0.committedInstType::SimdAes,0.0,stats.txt,gem5 simulation statistic
gem5_stats,system.cpu.commitStats0.committedInstType::SimdAesMix,0.0,stats.txt,gem5 simulation statistic
gem5_stats,system.cpu.commitStats0.committedInstType::SimdSha1Hash,0.0,stats.txt,gem5 simulation statistic
gem5_stats,system.cpu.commitStats0.committedInstType::SimdSha1Hash2,0.0,stats.txt,gem5 simulation statistic
gem5_stats,system.cpu.commitStats0.committedInstType::SimdSha256Hash,0.0,stats.txt,gem5 simulation statistic
gem5_stats,system.cpu.commitStats0.committedInstType::SimdSha256Hash2,0.0,stats.txt,gem5 simulation statistic
gem5_stats,system.cpu.commitStats0.committedInstType::SimdShaSigma2,0.0,stats.txt,gem5 simulation statistic
gem5_stats,system.cpu.commitStats0.committedInstType::SimdShaSigma3,0.0,stats.txt,gem5 simulation statistic
gem5_stats,system.cpu.commitStats0.committedInstType::SimdPredAlu,0.0,stats.txt,gem5 simulation statistic
gem5_stats,system.cpu.commitStats0.committedInstType::Matrix,0.0,stats.txt,gem5 simulation statistic
gem5_stats,system.cpu.commitStats0.committedInstType::MatrixMov,0.0,stats.txt,gem5 simulation statistic
gem5_stats,system.cpu.commitStats0.committedInstType::MatrixOP,0.0,stats.txt,gem5 simulation statistic
gem5_stats,system.cpu.commitStats0.committedInstType::MemRead,1084.0,stats.txt,gem5 simulation statistic
gem5_stats,system.cpu.commitStats0.committedInstType::MemWrite,943.0,stats.txt,gem5 simulation statistic
gem5_stats,system.cpu.commitStats0.committedInstType::FloatMemRead,0.0,stats.txt,gem5 simulation statistic
gem5_stats,system.cpu.commitStats0.committedInstType::FloatMemWrite,0.0,stats.txt,gem5 simulation statistic
gem5_stats,system.cpu.commitStats0.committedInstType::IprAccess,0.0,stats.txt,gem5 simulation statistic
gem5_stats,system.cpu.commitStats0.committedInstType::InstPrefetch,0.0,stats.txt,gem5 simulation statistic
gem5_stats,system.cpu.commitStats0.committedInstType::SimdUnitStrideLoad,0.0,stats.txt,gem5 simulation statistic
gem5_stats,system.cpu.commitStats0.committedInstType::SimdUnitStrideStore,0.0,stats.txt,gem5 simulation statistic
gem5_stats,system.cpu.commitStats0.committedInstType::SimdUnitStrideMaskLoad,0.0,stats.txt,gem5 simulation statistic
gem5_stats,system.cpu.commitStats0.committedInstType::SimdUnitStrideMaskStore,0.0,stats.txt,gem5 simulation statistic
gem5_stats,system.cpu.commitStats0.committedInstType::SimdStridedLoad,0.0,stats.txt,gem5 simulation statistic
gem5_stats,system.cpu.commitStats0.committedInstType::SimdStridedStore,0.0,stats.txt,gem5 simulation statistic
gem5_stats,system.cpu.commitStats0.committedInstType::SimdIndexedLoad,0.0,stats.txt,gem5 simulation statistic
gem5_stats,system.cpu.commitStats0.committedInstType::SimdIndexedStore,0.0,stats.txt,gem5 simulation statistic
gem5_stats,system.cpu.commitStats0.committedInstType::SimdWholeRegisterLoad,0.0,stats.txt,gem5 simulation statistic
gem5_stats,system.cpu.commitStats0.committedInstType::SimdWholeRegisterStore,0.0,stats.txt,gem5 simulation statistic
gem5_stats,system.cpu.commitStats0.committedInstType::SimdUnitStrideFaultOnlyFirstLoad,0.0,stats.txt,gem5 simulation statistic
gem5_stats,system.cpu.commitStats0.committedInstType::SimdUnitStrideSegmentedLoad,0.0,stats.txt,gem5 simulation statistic
gem5_stats,system.cpu.commitStats0.committedInstType::SimdUnitStrideSegmentedStore,0.0,stats.txt,gem5 simulation statistic
gem5_stats,system.cpu.commitStats0.committedInstType::SimdUnitStrideSegmentedFaultOnlyFirstLoad,0.0,stats.txt,gem5 simulation statistic
gem5_stats,system.cpu.commitStats0.committedInstType::SimdStrideSegmentedLoad,0.0,stats.txt,gem5 simulation statistic
gem5_stats,system.cpu.commitStats0.committedInstType::SimdStrideSegmentedStore,0.0,stats.txt,gem5 simulation statistic
gem5_stats,system.cpu.commitStats0.committedInstType::SimdExt,0.0,stats.txt,gem5 simulation statistic
gem5_stats,system.cpu.commitStats0.committedInstType::SimdFloatExt,0.0,stats.txt,gem5 simulation statistic
gem5_stats,system.cpu.commitStats0.committedInstType::SimdConfig,0.0,stats.txt,gem5 simulation statistic
gem5_stats,system.cpu.commitStats0.committedInstType::total,10315.0,stats.txt,gem5 simulation statistic
gem5_stats,system.cpu.commitStats0.committedControl::IsControl,1306.0,stats.txt,gem5 simulation statistic
gem5_stats,system.cpu.commitStats0.committedControl::IsDirectControl,1152.0,stats.txt,gem5 simulation statistic
gem5_stats,system.cpu.commitStats0.committedControl::IsIndirectControl,154.0,stats.txt,gem5 simulation statistic
gem5_stats,system.cpu.commitStats0.committedControl::IsCondControl,986.0,stats.txt,gem5 simulation statistic
gem5_stats,system.cpu.commitStats0.committedControl::IsUncondControl,320.0,stats.txt,gem5 simulation statistic
gem5_stats,system.cpu.commitStats0.committedControl::IsCall,112.0,stats.txt,gem5 simulation statistic
gem5_stats,system.cpu.commitStats0.committedControl::IsReturn,109.0,stats.txt,gem5 simulation statistic
gem5_stats,system.cpu.dcache.demandHits::cpu.data,1890.0,stats.txt,gem5 simulation statistic
gem5_stats,system.cpu.dcache.demandHits::total,1890.0,stats.txt,gem5 simulation statistic
gem5_stats,system.cpu.dcache.overallHits::cpu.data,1890.0,stats.txt,gem5 simulation statistic
gem5_stats,system.cpu.dcache.overallHits::total,1890.0,stats.txt,gem5 simulation statistic
gem5_stats,system.cpu.dcache.demandMisses::cpu.data,135.0,stats.txt,gem5 simulation statistic
gem5_stats,system.cpu.dcache.demandMisses::total,135.0,stats.txt,gem5 simulation statistic
gem5_stats,system.cpu.dcache.overallMisses::cpu.data,135.0,stats.txt,gem5 simulation statistic
gem5_stats,system.cpu.dcache.overallMisses::total,135.0,stats.txt,gem5 simulation statistic
gem5_stats,system.cpu.dcache.demandMissLatency::cpu.data,8047000.0,stats.txt,gem5 simulation statistic
gem5_stats,system.cpu.dcache.demandMissLatency::total,8047000.0,stats.txt,gem5 simulation statistic
gem5_stats,system.cpu.dcache.overallMissLatency::cpu.data,8047000.0,stats.txt,gem5 simulation statistic
gem5_stats,system.cpu.dcache.overallMissLatency::total,8047000.0,stats.txt,gem5 simulation statistic
gem5_stats,system.cpu.dcache.demandAccesses::cpu.data,2025.0,stats.txt,gem5 simulation statistic
gem5_stats,system.cpu.dcache.demandAccesses::total,2025.0,stats.txt,gem5 simulation statistic
gem5_stats,system.cpu.dcache.overallAccesses::cpu.data,2025.0,stats.txt,gem5 simulation statistic
gem5_stats,system.cpu.dcache.overallAccesses::total,2025.0,stats.txt,gem5 simulation statistic
gem5_stats,system.cpu.dcache.demandMissRate::cpu.data,0.066667,stats.txt,gem5 simulation statistic
gem5_stats,system.cpu.dcache.demandMissRate::total,0.066667,stats.txt,gem5 simulation statistic
gem5_stats,system.cpu.dcache.overallMissRate::cpu.data,0.066667,stats.txt,gem5 simulation statistic
gem5_stats,system.cpu.dcache.overallMissRate::total,0.066667,stats.txt,gem5 simulation statistic
gem5_stats,system.cpu.dcache.demandAvgMissLatency::cpu.data,59607.407407,stats.txt,gem5 simulation statistic
gem5_stats,system.cpu.dcache.demandAvgMissLatency::total,59607.407407,stats.txt,gem5 simulation statistic
gem5_stats,system.cpu.dcache.overallAvgMissLatency::cpu.data,59607.407407,stats.txt,gem5 simulation statistic
gem5_stats,system.cpu.dcache.overallAvgMissLatency::total,59607.407407,stats.txt,gem5 simulation statistic
gem5_stats,system.cpu.dcache.blockedCycles::no_mshrs,0.0,stats.txt,gem5 simulation statistic
gem5_stats,system.cpu.dcache.blockedCycles::no_targets,0.0,stats.txt,gem5 simulation statistic
gem5_stats,system.cpu.dcache.blockedCauses::no_mshrs,0.0,stats.txt,gem5 simulation statistic
gem5_stats,system.cpu.dcache.blockedCauses::no_targets,0.0,stats.txt,gem5 simulation statistic
gem5_stats,system.cpu.dcache.avgBlocked::no_mshrs,,stats.txt,gem5 simulation statistic
gem5_stats,system.cpu.dcache.avgBlocked::no_targets,,stats.txt,gem5 simulation statistic
gem5_stats,system.cpu.dcache.demandMshrMisses::cpu.data,135.0,stats.txt,gem5 simulation statistic
gem5_stats,system.cpu.dcache.demandMshrMisses::total,135.0,stats.txt,gem5 simulation statistic
gem5_stats,system.cpu.dcache.overallMshrMisses::cpu.data,135.0,stats.txt,gem5 simulation statistic
gem5_stats,system.cpu.dcache.overallMshrMisses::total,135.0,stats.txt,gem5 simulation statistic
gem5_stats,system.cpu.dcache.demandMshrMissLatency::cpu.data,7912000.0,stats.txt,gem5 simulation statistic
gem5_stats,system.cpu.dcache.demandMshrMissLatency::total,7912000.0,stats.txt,gem5 simulation statistic
gem5_stats,system.cpu.dcache.overallMshrMissLatency::cpu.data,7912000.0,stats.txt,gem5 simulation statistic
gem5_stats,system.cpu.dcache.overallMshrMissLatency::total,7912000.0,stats.txt,gem5 simulation statistic
gem5_stats,system.cpu.dcache.demandMshrMissRate::cpu.data,0.066667,stats.txt,gem5 simulation statistic
gem5_stats,system.cpu.dcache.demandMshrMissRate::total,0.066667,stats.txt,gem5 simulation statistic
gem5_stats,system.cpu.dcache.overallMshrMissRate::cpu.data,0.066667,stats.txt,gem5 simulation statistic
gem5_stats,system.cpu.dcache.overallMshrMissRate::total,0.066667,stats.txt,gem5 simulation statistic
gem5_stats,system.cpu.dcache.demandAvgMshrMissLatency::cpu.data,58607.407407,stats.txt,gem5 simulation statistic
gem5_stats,system.cpu.dcache.demandAvgMshrMissLatency::total,58607.407407,stats.txt,gem5 simulation statistic
gem5_stats,system.cpu.dcache.overallAvgMshrMissLatency::cpu.data,58607.407407,stats.txt,gem5 simulation statistic
gem5_stats,system.cpu.dcache.overallAvgMshrMissLatency::total,58607.407407,stats.txt,gem5 simulation statistic
gem5_stats,system.cpu.dcache.replacements,0.0,stats.txt,gem5 simulation statistic
gem5_stats,system.cpu.dcache.ReadReq.hits::cpu.data,1028.0,stats.txt,gem5 simulation statistic
gem5_stats,system.cpu.dcache.ReadReq.hits::total,1028.0,stats.txt,gem5 simulation statistic
gem5_stats,system.cpu.dcache.ReadReq.misses::cpu.data,56.0,stats.txt,gem5 simulation statistic
gem5_stats,system.cpu.dcache.ReadReq.misses::total,56.0,stats.txt,gem5 simulation statistic
gem5_stats,system.cpu.dcache.ReadReq.missLatency::cpu.data,3598000.0,stats.txt,gem5 simulation statistic
gem5_stats,system.cpu.dcache.ReadReq.missLatency::total,3598000.0,stats.txt,gem5 simulation statistic
gem5_stats,system.cpu.dcache.ReadReq.accesses::cpu.data,1084.0,stats.txt,gem5 simulation statistic
gem5_stats,system.cpu.dcache.ReadReq.accesses::total,1084.0,stats.txt,gem5 simulation statistic
gem5_stats,system.cpu.dcache.ReadReq.missRate::cpu.data,0.051661,stats.txt,gem5 simulation statistic
gem5_stats,system.cpu.dcache.ReadReq.missRate::total,0.051661,stats.txt,gem5 simulation statistic
gem5_stats,system.cpu.dcache.ReadReq.avgMissLatency::cpu.data,64250.0,stats.txt,gem5 simulation statistic
gem5_stats,system.cpu.dcache.ReadReq.avgMissLatency::total,64250.0,stats.txt,gem5 simulation statistic
gem5_stats,system.cpu.dcache.ReadReq.mshrMisses::cpu.data,56.0,stats.txt,gem5 simulation statistic
gem5_stats,system.cpu.dcache.ReadReq.mshrMisses::total,56.0,stats.txt,gem5 simulation statistic
gem5_stats,system.cpu.dcache.ReadReq.mshrMissLatency::cpu.data,3542000.0,stats.txt,gem5 simulation statistic
gem5_stats,system.cpu.dcache.ReadReq.mshrMissLatency::total,3542000.0,stats.txt,gem5 simulation statistic
gem5_stats,system.cpu.dcache.ReadReq.mshrMissRate::cpu.data,0.051661,stats.txt,gem5 simulation statistic
gem5_stats,system.cpu.dcache.ReadReq.mshrMissRate::total,0.051661,stats.txt,gem5 simulation statistic
gem5_stats,system.cpu.dcache.ReadReq.avgMshrMissLatency::cpu.data,63250.0,stats.txt,gem5 simulation statistic
gem5_stats,system.cpu.dcache.ReadReq.avgMshrMissLatency::total,63250.0,stats.txt,gem5 simulation statistic
gem5_stats,system.cpu.dcache.WriteReq.hits::cpu.data,862.0,stats.txt,gem5 simulation statistic
gem5_stats,system.cpu.dcache.WriteReq.hits::total,862.0,stats.txt,gem5 simulation statistic
gem5_stats,system.cpu.dcache.WriteReq.misses::cpu.data,79.0,stats.txt,gem5 simulation statistic
gem5_stats,system.cpu.dcache.WriteReq.misses::total,79.0,stats.txt,gem5 simulation statistic
gem5_stats,system.cpu.dcache.WriteReq.missLatency::cpu.data,4449000.0,stats.txt,gem5 simulation statistic
gem5_stats,system.cpu.dcache.WriteReq.missLatency::total,4449000.0,stats.txt,gem5 simulation statistic
gem5_stats,system.cpu.dcache.WriteReq.accesses::cpu.data,941.0,stats.txt,gem5 simulation statistic
gem5_stats,system.cpu.dcache.WriteReq.accesses::total,941.0,stats.txt,gem5 simulation statistic
gem5_stats,system.cpu.dcache.WriteReq.missRate::cpu.data,0.083953,stats.txt,gem5 simulation statistic
gem5_stats,system.cpu.dcache.WriteReq.missRate::total,0.083953,stats.txt,gem5 simulation statistic
gem5_stats,system.cpu.dcache.WriteReq.avgMissLatency::cpu.data,56316.455696,stats.txt,gem5 simulation statistic
gem5_stats,system.cpu.dcache.WriteReq.avgMissLatency::total,56316.455696,stats.txt,gem5 simulation statistic
gem5_stats,system.cpu.dcache.WriteReq.mshrMisses::cpu.data,79.0,stats.txt,gem5 simulation statistic
gem5_stats,system.cpu.dcache.WriteReq.mshrMisses::total,79.0,stats.txt,gem5 simulation statistic
gem5_stats,system.cpu.dcache.WriteReq.mshrMissLatency::cpu.data,4370000.0,stats.txt,gem5 simulation statistic
gem5_stats,system.cpu.dcache.WriteReq.mshrMissLatency::total,4370000.0,stats.txt,gem5 simulation statistic
gem5_stats,system.cpu.dcache.WriteReq.mshrMissRate::cpu.data,0.083953,stats.txt,gem5 simulation statistic
gem5_stats,system.cpu.dcache.WriteReq.mshrMissRate::total,0.083953,stats.txt,gem5 simulation statistic
gem5_stats,system.cpu.dcache.WriteReq.avgMshrMissLatency::cpu.data,55316.455696,stats.txt,gem5 simulation statistic
gem5_stats,system.cpu.dcache.WriteReq.avgMshrMissLatency::total,55316.455696,stats.txt,gem5 simulation statistic
gem5_stats,system.cpu.dcache.power_state.pwrStateResidencyTicks::UNDEFINED,31497000.0,stats.txt,gem5 simulation statistic
gem5_stats,system.cpu.dcache.tags.tagsInUse,81.421851,stats.txt,gem5 simulation statistic
gem5_stats,system.cpu.dcache.tags.totalRefs,2025.0,stats.txt,gem5 simulation statistic
gem5_stats,system.cpu.dcache.tags.sampledRefs,135.0,stats.txt,gem5 simulation statistic
gem5_stats,system.cpu.dcache.tags.avgRefs,15.0,stats.txt,gem5 simulation statistic
gem5_stats,system.cpu.dcache.tags.warmupTick,148000.0,stats.txt,gem5 simulation statistic
gem5_stats,system.cpu.dcache.tags.occupancies::cpu.data,81.421851,stats.txt,gem5 simulation statistic
gem5_stats,system.cpu.dcache.tags.avgOccs::cpu.data,0.079514,stats.txt,gem5 simulation statistic
gem5_stats,system.cpu.dcache.tags.avgOccs::total,0.079514,stats.txt,gem5 simulation statistic
gem5_stats,system.cpu.dcache.tags.occupanciesTaskId::1024,135.0,stats.txt,gem5 simulation statistic
gem5_stats,system.cpu.dcache.tags.ageTaskId_1024::0,31.0,stats.txt,gem5 simulation statistic
gem5_stats,system.cpu.dcache.tags.ageTaskId_1024::1,104.0,stats.txt,gem5 simulation statistic
gem5_stats,system.cpu.dcache.tags.ratioOccsTaskId::1024,0.131836,stats.txt,gem5 simulation statistic
gem5_stats,system.cpu.dcache.tags.tagAccesses,4185.0,stats.txt,gem5 simulation statistic
gem5_stats,system.cpu.dcache.tags.dataAccesses,4185.0,stats.txt,gem5 simulation statistic
gem5_stats,system.cpu.dcache.tags.power_state.pwrStateResidencyTicks::UNDEFINED,31497000.0,stats.txt,gem5 simulation statistic
gem5_stats,system.cpu.dtb_walker_cache.blockedCycles::no_mshrs,0.0,stats.txt,gem5 simulation statistic
gem5_stats,system.cpu.dtb_walker_cache.blockedCycles::no_targets,0.0,stats.txt,gem5 simulation statistic
gem5_stats,system.cpu.dtb_walker_cache.blockedCauses::no_mshrs,0.0,stats.txt,gem5 simulation statistic
gem5_stats,system.cpu.dtb_walker_cache.blockedCauses::no_targets,0.0,stats.txt,gem5 simulation statistic
gem5_stats,system.cpu.dtb_walker_cache.avgBlocked::no_mshrs,,stats.txt,gem5 simulation statistic
gem5_stats,system.cpu.dtb_walker_cache.avgBlocked::no_targets,,stats.txt,gem5 simulation statistic
gem5_stats,system.cpu.dtb_walker_cache.replacements,0.0,stats.txt,gem5 simulation statistic
gem5_stats,system.cpu.dtb_walker_cache.power_state.pwrStateResidencyTicks::UNDEFINED,31497000.0,stats.txt,gem5 simulation statistic
gem5_stats,system.cpu.dtb_walker_cache.tags.tagsInUse,0.0,stats.txt,gem5 simulation statistic
gem5_stats,system.cpu.dtb_walker_cache.tags.totalRefs,0.0,stats.txt,gem5 simulation statistic
gem5_stats,system.cpu.dtb_walker_cache.tags.sampledRefs,0.0,stats.txt,gem5 simulation statistic
gem5_stats,system.cpu.dtb_walker_cache.tags.avgRefs,,stats.txt,gem5 simulation statistic
gem5_stats,system.cpu.dtb_walker_cache.tags.warmupTick,0.0,stats.txt,gem5 simulation statistic
gem5_stats,system.cpu.dtb_walker_cache.tags.tagAccesses,0.0,stats.txt,gem5 simulation statistic
gem5_stats,system.cpu.dtb_walker_cache.tags.dataAccesses,0.0,stats.txt,gem5 simulation statistic
gem5_stats,system.cpu.dtb_walker_cache.tags.power_state.pwrStateResidencyTicks::UNDEFINED,31497000.0,stats.txt,gem5 simulation statistic
gem5_stats,system.cpu.exec_context.thread_0.numMatAluAccesses,0.0,stats.txt,gem5 simulation statistic
gem5_stats,system.cpu.exec_context.thread_0.numCallsReturns,221.0,stats.txt,gem5 simulation statistic
gem5_stats,system.cpu.exec_context.thread_0.numMatInsts,0.0,stats.txt,gem5 simulation statistic
gem5_stats,system.cpu.exec_context.thread_0.numIdleCycles,0.002,stats.txt,gem5 simulation statistic
gem5_stats,system.cpu.exec_context.thread_0.numBusyCycles,62993.998,stats.txt,gem5 simulation statistic
gem5_stats,system.cpu.exec_context.thread_0.notIdleFraction,1.0,stats.txt,gem5 simulation statistic
gem5_stats,system.cpu.exec_context.thread_0.idleFraction,0.0,stats.txt,gem5 simulation statistic
gem5_stats,system.cpu.executeStats0.numInsts,0.0,stats.txt,gem5 simulation statistic
gem5_stats,system.cpu.executeStats0.numNop,0.0,stats.txt,gem5 simulation statistic
gem5_stats,system.cpu.executeStats0.numBranches,0.0,stats.txt,gem5 simulation statistic
gem5_stats,system.cpu.executeStats0.numLoadInsts,0.0,stats.txt,gem5 simulation statistic
gem5_stats,system.cpu.executeStats0.numStoreInsts,2027.0,stats.txt,gem5 simulation statistic
gem5_stats,system.cpu.executeStats0.instRate,0.0,stats.txt,gem5 simulation statistic
gem5_stats,system.cpu.executeStats0.numFpRegWrites,0.0,stats.txt,gem5 simulation statistic
gem5_stats,system.cpu.executeStats0.numIntAluAccesses,10195.0,stats.txt,gem5 simulation statistic
gem5_stats,system.cpu.executeStats0.numIntRegReads,11140.0,stats.txt,gem5 simulation statistic
gem5_stats,system.cpu.executeStats0.numIntRegWrites,7154.0,stats.txt,gem5 simulation statistic
gem5_stats,system.cpu.executeStats0.numMemRefs,2027.0,stats.txt,gem5 simulation statistic
gem5_stats,system.cpu.executeStats0.numMiscRegReads,4674.0,stats.txt,gem5 simulation statistic
gem5_stats,system.cpu.executeStats0.numMiscRegWrites,1.0,stats.txt,gem5 simulation statistic
gem5_stats,system.cpu.executeStats0.numVecAluAccesses,0.0,stats.txt,gem5 simulation statistic
gem5_stats,system.cpu.executeStats0.numDiscardedOps,0.0,stats.txt,gem5 simulation statistic
gem5_stats,system.cpu.fetchStats0.numInsts,5714.0,stats.txt,gem5 simulation statistic
gem5_stats,system.cpu.fetchStats0.numOps,10315.0,stats.txt,gem5 simulation statistic
gem5_stats,system.cpu.fetchStats0.fetchRate,0.090707,stats.txt,gem5 simulation statistic
gem5_stats,system.cpu.fetchStats0.numBranches,1306.0,stats.txt,gem5 simulation statistic
gem5_stats,system.cpu.fetchStats0.branchRate,0.020732,stats.txt,gem5 simulation statistic
gem5_stats,system.cpu.fetchStats0.numFetchSuspends,0.0,stats.txt,gem5 simulation statistic
gem5_stats,system.cpu.icache.demandHits::cpu.inst,7056.0,stats.txt,gem5 simulation statistic
gem5_stats,system.cpu.icache.demandHits::total,7056.0,stats.txt,gem5 simulation statistic
gem5_stats,system.cpu.icache.overallHits::cpu.inst,7056.0,stats.txt,gem5 simulation statistic
gem5_stats,system.cpu.icache.overallHits::total,7056.0,stats.txt,gem5 simulation statistic
gem5_stats,system.cpu.icache.demandMisses::cpu.inst,230.0,stats.txt,gem5 simulation statistic
gem5_stats,system.cpu.icache.demandMisses::total,230.0,stats.txt,gem5 simulation statistic
gem5_stats,system.cpu.icache.overallMisses::cpu.inst,230.0,stats.txt,gem5 simulation statistic
gem5_stats,system.cpu.icache.overallMisses::total,230.0,stats.txt,gem5 simulation statistic
gem5_stats,system.cpu.icache.demandMissLatency::cpu.inst,13771000.0,stats.txt,gem5 simulation statistic
gem5_stats,system.cpu.icache.demandMissLatency::total,13771000.0,stats.txt,gem5 simulation statistic
gem5_stats,system.cpu.icache.overallMissLatency::cpu.inst,13771000.0,stats.txt,gem5 simulation statistic
gem5_stats,system.cpu.icache.overallMissLatency::total,13771000.0,stats.txt,gem5 simulation statistic
gem5_stats,system.cpu.icache.demandAccesses::cpu.inst,7286.0,stats.txt,gem5 simulation statistic
gem5_stats,system.cpu.icache.demandAccesses::total,7286.0,stats.txt,gem5 simulation statistic
gem5_stats,system.cpu.icache.overallAccesses::cpu.inst,7286.0,stats.txt,gem5 simulation statistic
gem5_stats,system.cpu.icache.overallAccesses::total,7286.0,stats.txt,gem5 simulation statistic
gem5_stats,system.cpu.icache.demandMissRate::cpu.inst,0.031567,stats.txt,gem5 simulation statistic
gem5_stats,system.cpu.icache.demandMissRate::total,0.031567,stats.txt,gem5 simulation statistic
gem5_stats,system.cpu.icache.overallMissRate::cpu.inst,0.031567,stats.txt,gem5 simulation statistic
gem5_stats,system.cpu.icache.overallMissRate::total,0.031567,stats.txt,gem5 simulation statistic
gem5_stats,system.cpu.icache.demandAvgMissLatency::cpu.inst,59873.913043,stats.txt,gem5 simulation statistic
gem5_stats,system.cpu.icache.demandAvgMissLatency::total,59873.913043,stats.txt,gem5 simulation statistic
gem5_stats,system.cpu.icache.overallAvgMissLatency::cpu.inst,59873.913043,stats.txt,gem5 simulation statistic
gem5_stats,system.cpu.icache.overallAvgMissLatency::total,59873.913043,stats.txt,gem5 simulation statistic
gem5_stats,system.cpu.icache.blockedCycles::no_mshrs,0.0,stats.txt,gem5 simulation statistic
gem5_stats,system.cpu.icache.blockedCycles::no_targets,0.0,stats.txt,gem5 simulation statistic
gem5_stats,system.cpu.icache.blockedCauses::no_mshrs,0.0,stats.txt,gem5 simulation statistic
gem5_stats,system.cpu.icache.blockedCauses::no_targets,0.0,stats.txt,gem5 simulation statistic
gem5_stats,system.cpu.icache.avgBlocked::no_mshrs,,stats.txt,gem5 simulation statistic
gem5_stats,system.cpu.icache.avgBlocked::no_targets,,stats.txt,gem5 simulation statistic
gem5_stats,system.cpu.icache.writebacks::writebacks,13.0,stats.txt,gem5 simulation statistic
gem5_stats,system.cpu.icache.writebacks::total,13.0,stats.txt,gem5 simulation statistic
gem5_stats,system.cpu.icache.demandMshrMisses::cpu.inst,230.0,stats.txt,gem5 simulation statistic
gem5_stats,system.cpu.icache.demandMshrMisses::total,230.0,stats.txt,gem5 simulation statistic
gem5_stats,system.cpu.icache.overallMshrMisses::cpu.inst,230.0,stats.txt,gem5 simulation statistic
gem5_stats,system.cpu.icache.overallMshrMisses::total,230.0,stats.txt,gem5 simulation statistic
gem5_stats,system.cpu.icache.demandMshrMissLatency::cpu.inst,13541000.0,stats.txt,gem5 simulation statistic
gem5_stats,system.cpu.icache.demandMshrMissLatency::total,13541000.0,stats.txt,gem5 simulation statistic
gem5_stats,system.cpu.icache.overallMshrMissLatency::cpu.inst,13541000.0,stats.txt,gem5 simulation statistic
gem5_stats,system.cpu.icache.overallMshrMissLatency::total,13541000.0,stats.txt,gem5 simulation statistic
gem5_stats,system.cpu.icache.demandMshrMissRate::cpu.inst,0.031567,stats.txt,gem5 simulation statistic
gem5_stats,system.cpu.icache.demandMshrMissRate::total,0.031567,stats.txt,gem5 simulation statistic
gem5_stats,system.cpu.icache.overallMshrMissRate::cpu.inst,0.031567,stats.txt,gem5 simulation statistic
gem5_stats,system.cpu.icache.overallMshrMissRate::total,0.031567,stats.txt,gem5 simulation statistic
gem5_stats,system.cpu.icache.demandAvgMshrMissLatency::cpu.inst,58873.913043,stats.txt,gem5 simulation statistic
gem5_stats,system.cpu.icache.demandAvgMshrMissLatency::total,58873.913043,stats.txt,gem5 simulation statistic
gem5_stats,system.cpu.icache.overallAvgMshrMissLatency::cpu.inst,58873.913043,stats.txt,gem5 simulation statistic
gem5_stats,system.cpu.icache.overallAvgMshrMissLatency::total,58873.913043,stats.txt,gem5 simulation statistic
gem5_stats,system.cpu.icache.replacements,13.0,stats.txt,gem5 simulation statistic
gem5_stats,system.cpu.icache.ReadReq.hits::cpu.inst,7056.0,stats.txt,gem5 simulation statistic
gem5_stats,system.cpu.icache.ReadReq.hits::total,7056.0,stats.txt,gem5 simulation statistic
gem5_stats,system.cpu.icache.ReadReq.misses::cpu.inst,230.0,stats.txt,gem5 simulation statistic
gem5_stats,system.cpu.icache.ReadReq.misses::total,230.0,stats.txt,gem5 simulation statistic
gem5_stats,system.cpu.icache.ReadReq.missLatency::cpu.inst,13771000.0,stats.txt,gem5 simulation statistic
gem5_stats,system.cpu.icache.ReadReq.missLatency::total,13771000.0,stats.txt,gem5 simulation statistic
gem5_stats,system.cpu.icache.ReadReq.accesses::cpu.inst,7286.0,stats.txt,gem5 simulation statistic
gem5_stats,system.cpu.icache.ReadReq.accesses::total,7286.0,stats.txt,gem5 simulation statistic
gem5_stats,system.cpu.icache.ReadReq.missRate::cpu.inst,0.031567,stats.txt,gem5 simulation statistic
gem5_stats,system.cpu.icache.ReadReq.missRate::total,0.031567,stats.txt,gem5 simulation statistic
gem5_stats,system.cpu.icache.ReadReq.avgMissLatency::cpu.inst,59873.913043,stats.txt,gem5 simulation statistic
gem5_stats,system.cpu.icache.ReadReq.avgMissLatency::total,59873.913043,stats.txt,gem5 simulation statistic
gem5_stats,system.cpu.icache.ReadReq.mshrMisses::cpu.inst,230.0,stats.txt,gem5 simulation statistic
gem5_stats,system.cpu.icache.ReadReq.mshrMisses::total,230.0,stats.txt,gem5 simulation statistic
gem5_stats,system.cpu.icache.ReadReq.mshrMissLatency::cpu.inst,13541000.0,stats.txt,gem5 simulation statistic
gem5_stats,system.cpu.icache.ReadReq.mshrMissLatency::total,13541000.0,stats.txt,gem5 simulation statistic
gem5_stats,system.cpu.icache.ReadReq.mshrMissRate::cpu.inst,0.031567,stats.txt,gem5 simulation statistic
gem5_stats,system.cpu.icache.ReadReq.mshrMissRate::total,0.031567,stats.txt,gem5 simulation statistic
gem5_stats,system.cpu.icache.ReadReq.avgMshrMissLatency::cpu.inst,58873.913043,stats.txt,gem5 simulation statistic
gem5_stats,system.cpu.icache.ReadReq.avgMshrMissLatency::total,58873.913043,stats.txt,gem5 simulation statistic
gem5_stats,system.cpu.icache.power_state.pwrStateResidencyTicks::UNDEFINED,31497000.0,stats.txt,gem5 simulation statistic
gem5_stats,system.cpu.icache.tags.tagsInUse,101.48024,stats.txt,gem5 simulation statistic
gem5_stats,system.cpu.icache.tags.totalRefs,7286.0,stats.txt,gem5 simulation statistic
gem5_stats,system.cpu.icache.tags.sampledRefs,230.0,stats.txt,gem5 simulation statistic
gem5_stats,system.cpu.icache.tags.avgRefs,31.678261,stats.txt,gem5 simulation statistic
gem5_stats,system.cpu.icache.tags.warmupTick,77000.0,stats.txt,gem5 simulation statistic
gem5_stats,system.cpu.icache.tags.occupancies::cpu.inst,101.48024,stats.txt,gem5 simulation statistic
gem5_stats,system.cpu.icache.tags.avgOccs::cpu.inst,0.198204,stats.txt,gem5 simulation statistic
gem5_stats,system.cpu.icache.tags.avgOccs::total,0.198204,stats.txt,gem5 simulation statistic
gem5_stats,system.cpu.icache.tags.occupanciesTaskId::1024,217.0,stats.txt,gem5 simulation statistic
gem5_stats,system.cpu.icache.tags.ageTaskId_1024::0,82.0,stats.txt,gem5 simulation statistic
gem5_stats,system.cpu.icache.tags.ageTaskId_1024::1,135.0,stats.txt,gem5 simulation statistic
gem5_stats,system.cpu.icache.tags.ratioOccsTaskId::1024,0.423828,stats.txt,gem5 simulation statistic
gem5_stats,system.cpu.icache.tags.tagAccesses,14802.0,stats.txt,gem5 simulation statistic
gem5_stats,system.cpu.icache.tags.dataAccesses,14802.0,stats.txt,gem5 simulation statistic
gem5_stats,system.cpu.icache.tags.power_state.pwrStateResidencyTicks::UNDEFINED,31497000.0,stats.txt,gem5 simulation statistic
gem5_stats,system.cpu.interrupts.clk_domain.clock,8000.0,stats.txt,gem5 simulation statistic
gem5_stats,system.cpu.itb_walker_cache.blockedCycles::no_mshrs,0.0,stats.txt,gem5 simulation statistic
gem5_stats,system.cpu.itb_walker_cache.blockedCycles::no_targets,0.0,stats.txt,gem5 simulation statistic
gem5_stats,system.cpu.itb_walker_cache.blockedCauses::no_mshrs,0.0,stats.txt,gem5 simulation statistic
gem5_stats,system.cpu.itb_walker_cache.blockedCauses::no_targets,0.0,stats.txt,gem5 simulation statistic
gem5_stats,system.cpu.itb_walker_cache.avgBlocked::no_mshrs,,stats.txt,gem5 simulation statistic
gem5_stats,system.cpu.itb_walker_cache.avgBlocked::no_targets,,stats.txt,gem5 simulation statistic
gem5_stats,system.cpu.itb_walker_cache.replacements,0.0,stats.txt,gem5 simulation statistic
gem5_stats,system.cpu.itb_walker_cache.power_state.pwrStateResidencyTicks::UNDEFINED,31497000.0,stats.txt,gem5 simulation statistic
gem5_stats,system.cpu.itb_walker_cache.tags.tagsInUse,0.0,stats.txt,gem5 simulation statistic
gem5_stats,system.cpu.itb_walker_cache.tags.totalRefs,0.0,stats.txt,gem5 simulation statistic
gem5_stats,system.cpu.itb_walker_cache.tags.sampledRefs,0.0,stats.txt,gem5 simulation statistic
gem5_stats,system.cpu.itb_walker_cache.tags.avgRefs,,stats.txt,gem5 simulation statistic
gem5_stats,system.cpu.itb_walker_cache.tags.warmupTick,0.0,stats.txt,gem5 simulation statistic
gem5_stats,system.cpu.itb_walker_cache.tags.tagAccesses,0.0,stats.txt,gem5 simulation statistic
gem5_stats,system.cpu.itb_walker_cache.tags.dataAccesses,0.0,stats.txt,gem5 simulation statistic
gem5_stats,system.cpu.itb_walker_cache.tags.power_state.pwrStateResidencyTicks::UNDEFINED,31497000.0,stats.txt,gem5 simulation statistic
gem5_stats,system.cpu.mmu.dtb.rdAccesses,1084.0,stats.txt,gem5 simulation statistic
gem5_stats,system.cpu.mmu.dtb.wrAccesses,943.0,stats.txt,gem5 simulation statistic
gem5_stats,system.cpu.mmu.dtb.rdMisses,11.0,stats.txt,gem5 simulation statistic
gem5_stats,system.cpu.mmu.dtb.wrMisses,9.0,stats.txt,gem5 simulation statistic
gem5_stats,system.cpu.mmu.dtb.walker.power_state.pwrStateResidencyTicks::UNDEFINED,31497000.0,stats.txt,gem5 simulation statistic
gem5_stats,system.cpu.mmu.itb.rdAccesses,0.0,stats.txt,gem5 simulation statistic
gem5_stats,system.cpu.mmu.itb.wrAccesses,7286.0,stats.txt,gem5 simulation statistic
gem5_stats,system.cpu.mmu.itb.rdMisses,0.0,stats.txt,gem5 simulation statistic
gem5_stats,system.cpu.mmu.itb.wrMisses,37.0,stats.txt,gem5 simulation statistic
gem5_stats,system.cpu.mmu.itb.walker.power_state.pwrStateResidencyTicks::UNDEFINED,31497000.0,stats.txt,gem5 simulation statistic
gem5_stats,system.cpu.power_state.pwrStateResidencyTicks::ON,31497000.0,stats.txt,gem5 simulation statistic
gem5_stats,system.cpu.thread_0.numInsts,0.0,stats.txt,gem5 simulation statistic
gem5_stats,system.cpu.thread_0.numOps,0.0,stats.txt,gem5 simulation statistic
gem5_stats,system.cpu.thread_0.numMemRefs,0.0,stats.txt,gem5 simulation statistic
gem5_stats,system.cpu.workload.numSyscalls,11.0,stats.txt,gem5 simulation statistic
gem5_stats,system.cpu_clk_domain.clock,500.0,stats.txt,gem5 simulation statistic
gem5_stats,system.cpu_voltage_domain.voltage,1.0,stats.txt,gem5 simulation statistic
gem5_stats,system.mem_ctrls.avgPriority_writebacks::samples,13.0,stats.txt,gem5 simulation statistic
gem5_stats,system.mem_ctrls.avgPriority_cpu.inst::samples,230.0,stats.txt,gem5 simulation statistic
gem5_stats,system.mem_ctrls.avgPriority_cpu.data::samples,135.0,stats.txt,gem5 simulation statistic
gem5_stats,system.mem_ctrls.priorityMinLatency,1.875e-08,stats.txt,gem5 simulation statistic
gem5_stats,system.mem_ctrls.priorityMaxLatency,5.495e-07,stats.txt,gem5 simulation statistic
gem5_stats,system.mem_ctrls.numReadWriteTurnArounds,0.0,stats.txt,gem5 simulation statistic
gem5_stats,system.mem_ctrls.numWriteReadTurnArounds,0.0,stats.txt,gem5 simulation statistic
gem5_stats,system.mem_ctrls.numStayReadState,751.0,stats.txt,gem5 simulation statistic
gem5_stats,system.mem_ctrls.numStayWriteState,0.0,stats.txt,gem5 simulation statistic
gem5_stats,system.mem_ctrls.readReqs,365.0,stats.txt,gem5 simulation statistic
gem5_stats,system.mem_ctrls.writeReqs,13.0,stats.txt,gem5 simulation statistic
gem5_stats,system.mem_ctrls.readBursts,365.0,stats.txt,gem5 simulation statistic
gem5_stats,system.mem_ctrls.writeBursts,13.0,stats.txt,gem5 simulation statistic
gem5_stats,system.mem_ctrls.servicedByWrQ,0.0,stats.txt,gem5 simulation statistic
gem5_stats,system.mem_ctrls.mergedWrBursts,0.0,stats.txt,gem5 simulation statistic
gem5_stats,system.mem_ctrls.neitherReadNorWriteReqs,0.0,stats.txt,gem5 simulation statistic
gem5_stats,system.mem_ctrls.avgRdQLen,1.0,stats.txt,gem5 simulation statistic
gem5_stats,system.mem_ctrls.avgWrQLen,5.56,stats.txt,gem5 simulation statistic
gem5_stats,system.mem_ctrls.numRdRetry,0.0,stats.txt,gem5 simulation statistic
gem5_stats,system.mem_ctrls.numWrRetry,0.0,stats.txt,gem5 simulation statistic
gem5_stats,system.mem_ctrls.readPktSize::0,0.0,stats.txt,gem5 simulation statistic
gem5_stats,system.mem_ctrls.readPktSize::1,0.0,stats.txt,gem5 simulation statistic
gem5_stats,system.mem_ctrls.readPktSize::2,0.0,stats.txt,gem5 simulation statistic
gem5_stats,system.mem_ctrls.readPktSize::3,0.0,stats.txt,gem5 simulation statistic
gem5_stats,system.mem_ctrls.readPktSize::4,0.0,stats.txt,gem5 simulation statistic
gem5_stats,system.mem_ctrls.readPktSize::5,0.0,stats.txt,gem5 simulation statistic
gem5_stats,system.mem_ctrls.readPktSize::6,365.0,stats.txt,gem5 simulation statistic
gem5_stats,system.mem_ctrls.writePktSize::0,0.0,stats.txt,gem5 simulation statistic
gem5_stats,system.mem_ctrls.writePktSize::1,0.0,stats.txt,gem5 simulation statistic
gem5_stats,system.mem_ctrls.writePktSize::2,0.0,stats.txt,gem5 simulation statistic
gem5_stats,system.mem_ctrls.writePktSize::3,0.0,stats.txt,gem5 simulation statistic
gem5_stats,system.mem_ctrls.writePktSize::4,0.0,stats.txt,gem5 simulation statistic
gem5_stats,system.mem_ctrls.writePktSize::5,0.0,stats.txt,gem5 simulation statistic
gem5_stats,system.mem_ctrls.writePktSize::6,13.0,stats.txt,gem5 simulation statistic
gem5_stats,system.mem_ctrls.rdQLenPdf::0,365.0,stats.txt,gem5 simulation statistic
gem5_stats,system.mem_ctrls.rdQLenPdf::1,0.0,stats.txt,gem5 simulation statistic
gem5_stats,system.mem_ctrls.rdQLenPdf::2,0.0,stats.txt,gem5 simulation statistic
gem5_stats,system.mem_ctrls.rdQLenPdf::3,0.0,stats.txt,gem5 simulation statistic
gem5_stats,system.mem_ctrls.rdQLenPdf::4,0.0,stats.txt,gem5 simulation statistic
gem5_stats,system.mem_ctrls.rdQLenPdf::5,0.0,stats.txt,gem5 simulation statistic
gem5_stats,system.mem_ctrls.rdQLenPdf::6,0.0,stats.txt,gem5 simulation statistic
gem5_stats,system.mem_ctrls.rdQLenPdf::7,0.0,stats.txt,gem5 simulation statistic
gem5_stats,system.mem_ctrls.rdQLenPdf::8,0.0,stats.txt,gem5 simulation statistic
gem5_stats,system.mem_ctrls.rdQLenPdf::9,0.0,stats.txt,gem5 simulation statistic
gem5_stats,system.mem_ctrls.rdQLenPdf::10,0.0,stats.txt,gem5 simulation statistic
gem5_stats,system.mem_ctrls.rdQLenPdf::11,0.0,stats.txt,gem5 simulation statistic
gem5_stats,system.mem_ctrls.rdQLenPdf::12,0.0,stats.txt,gem5 simulation statistic
gem5_stats,system.mem_ctrls.rdQLenPdf::13,0.0,stats.txt,gem5 simulation statistic
gem5_stats,system.mem_ctrls.rdQLenPdf::14,0.0,stats.txt,gem5 simulation statistic
gem5_stats,system.mem_ctrls.rdQLenPdf::15,0.0,stats.txt,gem5 simulation statistic
gem5_stats,system.mem_ctrls.rdQLenPdf::16,0.0,stats.txt,gem5 simulation statistic
gem5_stats,system.mem_ctrls.rdQLenPdf::17,0.0,stats.txt,gem5 simulation statistic
gem5_stats,system.mem_ctrls.rdQLenPdf::18,0.0,stats.txt,gem5 simulation statistic
gem5_stats,system.mem_ctrls.rdQLenPdf::19,0.0,stats.txt,gem5 simulation statistic
gem5_stats,system.mem_ctrls.rdQLenPdf::20,0.0,stats.txt,gem5 simulation statistic
gem5_stats,system.mem_ctrls.rdQLenPdf::21,0.0,stats.txt,gem5 simulation statistic
gem5_stats,system.mem_ctrls.rdQLenPdf::22,0.0,stats.txt,gem5 simulation statistic
gem5_stats,system.mem_ctrls.rdQLenPdf::23,0.0,stats.txt,gem5 simulation statistic
gem5_stats,system.mem_ctrls.rdQLenPdf::24,0.0,stats.txt,gem5 simulation statistic
gem5_stats,system.mem_ctrls.rdQLenPdf::25,0.0,stats.txt,gem5 simulation statistic
gem5_stats,system.mem_ctrls.rdQLenPdf::26,0.0,stats.txt,gem5 simulation statistic
gem5_stats,system.mem_ctrls.rdQLenPdf::27,0.0,stats.txt,gem5 simulation statistic
gem5_stats,system.mem_ctrls.rdQLenPdf::28,0.0,stats.txt,gem5 simulation statistic
gem5_stats,system.mem_ctrls.rdQLenPdf::29,0.0,stats.txt,gem5 simulation statistic
gem5_stats,system.mem_ctrls.rdQLenPdf::30,0.0,stats.txt,gem5 simulation statistic
gem5_stats,system.mem_ctrls.rdQLenPdf::31,0.0,stats.txt,gem5 simulation statistic
gem5_stats,system.mem_ctrls.wrQLenPdf::0,1.0,stats.txt,gem5 simulation statistic
gem5_stats,system.mem_ctrls.wrQLenPdf::1,1.0,stats.txt,gem5 simulation statistic
gem5_stats,system.mem_ctrls.wrQLenPdf::2,1.0,stats.txt,gem5 simulation statistic
gem5_stats,system.mem_ctrls.wrQLenPdf::3,1.0,stats.txt,gem5 simulation statistic
gem5_stats,system.mem_ctrls.wrQLenPdf::4,1.0,stats.txt,gem5 simulation statistic
gem5_stats,system.mem_ctrls.wrQLenPdf::5,1.0,stats.txt,gem5 simulation statistic
gem5_stats,system.mem_ctrls.wrQLenPdf::6,1.0,stats.txt,gem5 simulation statistic
gem5_stats,system.mem_ctrls.wrQLenPdf::7,1.0,stats.txt,gem5 simulation statistic
gem5_stats,system.mem_ctrls.wrQLenPdf::8,1.0,stats.txt,gem5 simulation statistic
gem5_stats,system.mem_ctrls.wrQLenPdf::9,1.0,stats.txt,gem5 simulation statistic
gem5_stats,system.mem_ctrls.wrQLenPdf::10,1.0,stats.txt,gem5 simulation statistic
gem5_stats,system.mem_ctrls.wrQLenPdf::11,1.0,stats.txt,gem5 simulation statistic
gem5_stats,system.mem_ctrls.wrQLenPdf::12,1.0,stats.txt,gem5 simulation statistic
gem5_stats,system.mem_ctrls.wrQLenPdf::13,0.0,stats.txt,gem5 simulation statistic
gem5_stats,system.mem_ctrls.wrQLenPdf::14,0.0,stats.txt,gem5 simulation statistic
gem5_stats,system.mem_ctrls.wrQLenPdf::15,0.0,stats.txt,gem5 simulation statistic
gem5_stats,system.mem_ctrls.wrQLenPdf::16,0.0,stats.txt,gem5 simulation statistic
gem5_stats,system.mem_ctrls.wrQLenPdf::17,0.0,stats.txt,gem5 simulation statistic
gem5_stats,system.mem_ctrls.wrQLenPdf::18,0.0,stats.txt,gem5 simulation statistic
gem5_stats,system.mem_ctrls.wrQLenPdf::19,0.0,stats.txt,gem5 simulation statistic
gem5_stats,system.mem_ctrls.wrQLenPdf::20,0.0,stats.txt,gem5 simulation statistic
gem5_stats,system.mem_ctrls.wrQLenPdf::21,0.0,stats.txt,gem5 simulation statistic
gem5_stats,system.mem_ctrls.wrQLenPdf::22,0.0,stats.txt,gem5 simulation statistic
gem5_stats,system.mem_ctrls.wrQLenPdf::23,0.0,stats.txt,gem5 simulation statistic
gem5_stats,system.mem_ctrls.wrQLenPdf::24,0.0,stats.txt,gem5 simulation statistic
gem5_stats,system.mem_ctrls.wrQLenPdf::25,0.0,stats.txt,gem5 simulation statistic
gem5_stats,system.mem_ctrls.wrQLenPdf::26,0.0,stats.txt,gem5 simulation statistic
gem5_stats,system.mem_ctrls.wrQLenPdf::27,0.0,stats.txt,gem5 simulation statistic
gem5_stats,system.mem_ctrls.wrQLenPdf::28,0.0,stats.txt,gem5 simulation statistic
gem5_stats,system.mem_ctrls.wrQLenPdf::29,0.0,stats.txt,gem5 simulation statistic
gem5_stats,system.mem_ctrls.wrQLenPdf::30,0.0,stats.txt,gem5 simulation statistic
gem5_stats,system.mem_ctrls.wrQLenPdf::31,0.0,stats.txt,gem5 simulation statistic
gem5_stats,system.mem_ctrls.wrQLenPdf::32,0.0,stats.txt,gem5 simulation statistic
gem5_stats,system.mem_ctrls.wrQLenPdf::33,0.0,stats.txt,gem5 simulation statistic
gem5_stats,system.mem_ctrls.wrQLenPdf::34,0.0,stats.txt,gem5 simulation statistic
gem5_stats,system.mem_ctrls.wrQLenPdf::35,0.0,stats.txt,gem5 simulation statistic
gem5_stats,system.mem_ctrls.wrQLenPdf::36,0.0,stats.txt,gem5 simulation statistic
gem5_stats,system.mem_ctrls.wrQLenPdf::37,0.0,stats.txt,gem5 simulation statistic
gem5_stats,system.mem_ctrls.wrQLenPdf::38,0.0,stats.txt,gem5 simulation statistic
gem5_stats,system.mem_ctrls.wrQLenPdf::39,0.0,stats.txt,gem5 simulation statistic
gem5_stats,system.mem_ctrls.wrQLenPdf::40,0.0,stats.txt,gem5 simulation statistic
gem5_stats,system.mem_ctrls.wrQLenPdf::41,0.0,stats.txt,gem5 simulation statistic
gem5_stats,system.mem_ctrls.wrQLenPdf::42,0.0,stats.txt,gem5 simulation statistic
gem5_stats,system.mem_ctrls.wrQLenPdf::43,0.0,stats.txt,gem5 simulation statistic
gem5_stats,system.mem_ctrls.wrQLenPdf::44,0.0,stats.txt,gem5 simulation statistic
gem5_stats,system.mem_ctrls.wrQLenPdf::45,0.0,stats.txt,gem5 simulation statistic
gem5_stats,system.mem_ctrls.wrQLenPdf::46,0.0,stats.txt,gem5 simulation statistic
gem5_stats,system.mem_ctrls.wrQLenPdf::47,0.0,stats.txt,gem5 simulation statistic
gem5_stats,system.mem_ctrls.wrQLenPdf::48,0.0,stats.txt,gem5 simulation statistic
gem5_stats,system.mem_ctrls.wrQLenPdf::49,0.0,stats.txt,gem5 simulation statistic
gem5_stats,system.mem_ctrls.wrQLenPdf::50,0.0,stats.txt,gem5 simulation statistic
gem5_stats,system.mem_ctrls.wrQLenPdf::51,0.0,stats.txt,gem5 simulation statistic
gem5_stats,system.mem_ctrls.wrQLenPdf::52,0.0,stats.txt,gem5 simulation statistic
gem5_stats,system.mem_ctrls.wrQLenPdf::53,0.0,stats.txt,gem5 simulation statistic
gem5_stats,system.mem_ctrls.wrQLenPdf::54,0.0,stats.txt,gem5 simulation statistic
gem5_stats,system.mem_ctrls.wrQLenPdf::55,0.0,stats.txt,gem5 simulation statistic
gem5_stats,system.mem_ctrls.wrQLenPdf::56,0.0,stats.txt,gem5 simulation statistic
gem5_stats,system.mem_ctrls.wrQLenPdf::57,0.0,stats.txt,gem5 simulation statistic
gem5_stats,system.mem_ctrls.wrQLenPdf::58,0.0,stats.txt,gem5 simulation statistic
gem5_stats,system.mem_ctrls.wrQLenPdf::59,0.0,stats.txt,gem5 simulation statistic
gem5_stats,system.mem_ctrls.wrQLenPdf::60,0.0,stats.txt,gem5 simulation statistic
gem5_stats,system.mem_ctrls.wrQLenPdf::61,0.0,stats.txt,gem5 simulation statistic
gem5_stats,system.mem_ctrls.wrQLenPdf::62,0.0,stats.txt,gem5 simulation statistic
gem5_stats,system.mem_ctrls.wrQLenPdf::63,0.0,stats.txt,gem5 simulation statistic
gem5_stats,system.mem_ctrls.bytesReadWrQ,0.0,stats.txt,gem5 simulation statistic
gem5_stats,system.mem_ctrls.bytesReadSys,23360.0,stats.txt,gem5 simulation statistic
gem5_stats,system.mem_ctrls.bytesWrittenSys,832.0,stats.txt,gem5 simulation statistic
gem5_stats,system.mem_ctrls.avgRdBWSys,741657935.6764137,stats.txt,gem5 simulation statistic
gem5_stats,system.mem_ctrls.avgWrBWSys,26415214.14737912,stats.txt,gem5 simulation statistic
gem5_stats,system.mem_ctrls.totGap,31218000.0,stats.txt,gem5 simulation statistic
gem5_stats,system.mem_ctrls.avgGap,82587.3,stats.txt,gem5 simulation statistic
gem5_stats,system.mem_ctrls.requestorReadBytes::cpu.inst,14720.0,stats.txt,gem5 simulation statistic
gem5_stats,system.mem_ctrls.requestorReadBytes::cpu.data,8640.0,stats.txt,gem5 simulation statistic
gem5_stats,system.mem_ctrls.requestorReadRate::cpu.inst,467346096.4536305,stats.txt,gem5 simulation statistic
gem5_stats,system.mem_ctrls.requestorReadRate::cpu.data,274311839.22278315,stats.txt,gem5 simulation statistic
gem5_stats,system.mem_ctrls.requestorReadAccesses::cpu.inst,230.0,stats.txt,gem5 simulation statistic
gem5_stats,system.mem_ctrls.requestorReadAccesses::cpu.data,135.0,stats.txt,gem5 simulation statistic
gem5_stats,system.mem_ctrls.requestorWriteAccesses::writebacks,13.0,stats.txt,gem5 simulation statistic
gem5_stats,system.mem_ctrls.requestorReadTotalLat::cpu.inst,6326500.0,stats.txt,gem5 simulation statistic
gem5_stats,system.mem_ctrls.requestorReadTotalLat::cpu.data,3672500.0,stats.txt,gem5 simulation statistic
gem5_stats,system.mem_ctrls.requestorReadAvgLat::cpu.inst,27506.52,stats.txt,gem5 simulation statistic
gem5_stats,system.mem_ctrls.requestorReadAvgLat::cpu.data,27203.7,stats.txt,gem5 simulation statistic
gem5_stats,system.mem_ctrls.requestorWriteAvgLat::writebacks,0.0,stats.txt,gem5 simulation statistic
gem5_stats,system.mem_ctrls.dram.bytesRead::cpu.inst,14720.0,stats.txt,gem5 simulation statistic
gem5_stats,system.mem_ctrls.dram.bytesRead::cpu.data,8640.0,stats.txt,gem5 simulation statistic
gem5_stats,system.mem_ctrls.dram.bytesRead::total,23360.0,stats.txt,gem5 simulation statistic
gem5_stats,system.mem_ctrls.dram.bytesInstRead::cpu.inst,14720.0,stats.txt,gem5 simulation statistic
gem5_stats,system.mem_ctrls.dram.bytesInstRead::total,14720.0,stats.txt,gem5 simulation statistic
gem5_stats,system.mem_ctrls.dram.numReads::cpu.inst,230.0,stats.txt,gem5 simulation statistic
gem5_stats,system.mem_ctrls.dram.numReads::cpu.data,135.0,stats.txt,gem5 simulation statistic
gem5_stats,system.mem_ctrls.dram.numReads::total,365.0,stats.txt,gem5 simulation statistic
gem5_stats,system.mem_ctrls.dram.bwRead::cpu.inst,467346096.0,stats.txt,gem5 simulation statistic
gem5_stats,system.mem_ctrls.dram.bwRead::cpu.data,274311839.0,stats.txt,gem5 simulation statistic
gem5_stats,system.mem_ctrls.dram.bwRead::total,741657936.0,stats.txt,gem5 simulation statistic
gem5_stats,system.mem_ctrls.dram.bwInstRead::cpu.inst,467346096.0,stats.txt,gem5 simulation statistic
gem5_stats,system.mem_ctrls.dram.bwInstRead::total,467346096.0,stats.txt,gem5 simulation statistic
gem5_stats,system.mem_ctrls.dram.bwTotal::cpu.inst,467346096.0,stats.txt,gem5 simulation statistic
gem5_stats,system.mem_ctrls.dram.bwTotal::cpu.data,274311839.0,stats.txt,gem5 simulation statistic
gem5_stats,system.mem_ctrls.dram.bwTotal::total,741657936.0,stats.txt,gem5 simulation statistic
gem5_stats,system.mem_ctrls.dram.readBursts,365.0,stats.txt,gem5 simulation statistic
gem5_stats,system.mem_ctrls.dram.writeBursts,0.0,stats.txt,gem5 simulation statistic
gem5_stats,system.mem_ctrls.dram.perBankRdBursts::0,30.0,stats.txt,gem5 simulation statistic
gem5_stats,system.mem_ctrls.dram.perBankRdBursts::1,1.0,stats.txt,gem5 simulation statistic
gem5_stats,system.mem_ctrls.dram.perBankRdBursts::2,5.0,stats.txt,gem5 simulation statistic
gem5_stats,system.mem_ctrls.dram.perBankRdBursts::3,8.0,stats.txt,gem5 simulation statistic
gem5_stats,system.mem_ctrls.dram.perBankRdBursts::4,43.0,stats.txt,gem5 simulation statistic
gem5_stats,system.mem_ctrls.dram.perBankRdBursts::5,40.0,stats.txt,gem5 simulation statistic
gem5_stats,system.mem_ctrls.dram.perBankRdBursts::6,13.0,stats.txt,gem5 simulation statistic
gem5_stats,system.mem_ctrls.dram.perBankRdBursts::7,24.0,stats.txt,gem5 simulation statistic
gem5_stats,system.mem_ctrls.dram.perBankRdBursts::8,17.0,stats.txt,gem5 simulation statistic
gem5_stats,system.mem_ctrls.dram.perBankRdBursts::9,71.0,stats.txt,gem5 simulation statistic
gem5_stats,system.mem_ctrls.dram.perBankRdBursts::10,62.0,stats.txt,gem5 simulation statistic
gem5_stats,system.mem_ctrls.dram.perBankRdBursts::11,14.0,stats.txt,gem5 simulation statistic
gem5_stats,system.mem_ctrls.dram.perBankRdBursts::12,2.0,stats.txt,gem5 simulation statistic
gem5_stats,system.mem_ctrls.dram.perBankRdBursts::13,14.0,stats.txt,gem5 simulation statistic
gem5_stats,system.mem_ctrls.dram.perBankRdBursts::14,5.0,stats.txt,gem5 simulation statistic
gem5_stats,system.mem_ctrls.dram.perBankRdBursts::15,16.0,stats.txt,gem5 simulation statistic
gem5_stats,system.mem_ctrls.dram.perBankWrBursts::0,0.0,stats.txt,gem5 simulation statistic
gem5_stats,system.mem_ctrls.dram.perBankWrBursts::1,0.0,stats.txt,gem5 simulation statistic
gem5_stats,system.mem_ctrls.dram.perBankWrBursts::2,0.0,stats.txt,gem5 simulation statistic
gem5_stats,system.mem_ctrls.dram.perBankWrBursts::3,0.0,stats.txt,gem5 simulation statistic
gem5_stats,system.mem_ctrls.dram.perBankWrBursts::4,0.0,stats.txt,gem5 simulation statistic
gem5_stats,system.mem_ctrls.dram.perBankWrBursts::5,0.0,stats.txt,gem5 simulation statistic
gem5_stats,system.mem_ctrls.dram.perBankWrBursts::6,0.0,stats.txt,gem5 simulation statistic
gem5_stats,system.mem_ctrls.dram.perBankWrBursts::7,0.0,stats.txt,gem5 simulation statistic
gem5_stats,system.mem_ctrls.dram.perBankWrBursts::8,0.0,stats.txt,gem5 simulation statistic
gem5_stats,system.mem_ctrls.dram.perBankWrBursts::9,0.0,stats.txt,gem5 simulation statistic
gem5_stats,system.mem_ctrls.dram.perBankWrBursts::10,0.0,stats.txt,gem5 simulation statistic
gem5_stats,system.mem_ctrls.dram.perBankWrBursts::11,0.0,stats.txt,gem5 simulation statistic
gem5_stats,system.mem_ctrls.dram.perBankWrBursts::12,0.0,stats.txt,gem5 simulation statistic
gem5_stats,system.mem_ctrls.dram.perBankWrBursts::13,0.0,stats.txt,gem5 simulation statistic
gem5_stats,system.mem_ctrls.dram.perBankWrBursts::14,0.0,stats.txt,gem5 simulation statistic
gem5_stats,system.mem_ctrls.dram.perBankWrBursts::15,0.0,stats.txt,gem5 simulation statistic
gem5_stats,system.mem_ctrls.dram.totQLat,3155250.0,stats.txt,gem5 simulation statistic
gem5_stats,system.mem_ctrls.dram.totBusLat,1825000.0,stats.txt,gem5 simulation statistic
gem5_stats,system.mem_ctrls.dram.totMemAccLat,9999000.0,stats.txt,gem5 simulation statistic
gem5_stats,system.mem_ctrls.dram.avgQLat,8644.52,stats.txt,gem5 simulation statistic
gem5_stats,system.mem_ctrls.dram.avgBusLat,5000.0,stats.txt,gem5 simulation statistic
gem5_stats,system.mem_ctrls.dram.avgMemAccLat,27394.52,stats.txt,gem5 simulation statistic
gem5_stats,system.mem_ctrls.dram.readRowHits,256.0,stats.txt,gem5 simulation statistic
gem5_stats,system.mem_ctrls.dram.writeRowHits,0.0,stats.txt,gem5 simulation statistic
gem5_stats,system.mem_ctrls.dram.readRowHitRate,70.14,stats.txt,gem5 simulation statistic
gem5_stats,system.mem_ctrls.dram.writeRowHitRate,,stats.txt,gem5 simulation statistic
gem5_stats,system.mem_ctrls.dram.bytesPerActivate::samples,108.0,stats.txt,gem5 simulation statistic
gem5_stats,system.mem_ctrls.dram.bytesPerActivate::mean,215.703704,stats.txt,gem5 simulation statistic
gem5_stats,system.mem_ctrls.dram.bytesPerActivate::gmean,145.069891,stats.txt,gem5 simulation statistic
gem5_stats,system.mem_ctrls.dram.bytesPerActivate::stdev,228.436509,stats.txt,gem5 simulation statistic
gem5_stats,system.mem_ctrls.dram.bytesPerActivate::0-127,45.0,stats.txt,gem5 simulation statistic
gem5_stats,system.mem_ctrls.dram.bytesPerActivate::128-255,26.0,stats.txt,gem5 simulation statistic
gem5_stats,system.mem_ctrls.dram.bytesPerActivate::256-383,20.0,stats.txt,gem5 simulation statistic
gem5_stats,system.mem_ctrls.dram.bytesPerActivate::384-511,7.0,stats.txt,gem5 simulation statistic
gem5_stats,system.mem_ctrls.dram.bytesPerActivate::512-639,2.0,stats.txt,gem5 simulation statistic
gem5_stats,system.mem_ctrls.dram.bytesPerActivate::640-767,2.0,stats.txt,gem5 simulation statistic
gem5_stats,system.mem_ctrls.dram.bytesPerActivate::768-895,1.0,stats.txt,gem5 simulation statistic
gem5_stats,system.mem_ctrls.dram.bytesPerActivate::896-1023,2.0,stats.txt,gem5 simulation statistic
gem5_stats,system.mem_ctrls.dram.bytesPerActivate::1024-1151,3.0,stats.txt,gem5 simulation statistic
gem5_stats,system.mem_ctrls.dram.bytesPerActivate::total,108.0,stats.txt,gem5 simulation statistic
gem5_stats,system.mem_ctrls.dram.dramBytesRead,23360.0,stats.txt,gem5 simulation statistic
gem5_stats,system.mem_ctrls.dram.dramBytesWritten,0.0,stats.txt,gem5 simulation statistic
gem5_stats,system.mem_ctrls.dram.avgRdBW,741.657936,stats.txt,gem5 simulation statistic
gem5_stats,system.mem_ctrls.dram.avgWrBW,0.0,stats.txt,gem5 simulation statistic
gem5_stats,system.mem_ctrls.dram.peakBW,12800.0,stats.txt,gem5 simulation statistic
gem5_stats,system.mem_ctrls.dram.busUtil,5.79,stats.txt,gem5 simulation statistic
gem5_stats,system.mem_ctrls.dram.busUtilRead,5.79,stats.txt,gem5 simulation statistic
gem5_stats,system.mem_ctrls.dram.busUtilWrite,0.0,stats.txt,gem5 simulation statistic
gem5_stats,system.mem_ctrls.dram.pageHitRate,70.14,stats.txt,gem5 simulation statistic
gem5_stats,system.mem_ctrls.dram.power_state.pwrStateResidencyTicks::UNDEFINED,31497000.0,stats.txt,gem5 simulation statistic
gem5_stats,system.mem_ctrls.dram.rank0.actEnergy,271320.0,stats.txt,gem5 simulation statistic
gem5_stats,system.mem_ctrls.dram.rank0.preEnergy,144210.0,stats.txt,gem5 simulation statistic
gem5_stats,system.mem_ctrls.dram.rank0.readEnergy,1170960.0,stats.txt,gem5 simulation statistic
gem5_stats,system.mem_ctrls.dram.rank0.writeEnergy,0.0,stats.txt,gem5 simulation statistic
gem5_stats,system.mem_ctrls.dram.rank0.refreshEnergy,2458560.0,stats.txt,gem5 simulation statistic
gem5_stats,system.mem_ctrls.dram.rank0.actBackEnergy,13597350.0,stats.txt,gem5 simulation statistic
gem5_stats,system.mem_ctrls.dram.rank0.preBackEnergy,644640.0,stats.txt,gem5 simulation statistic
gem5_stats,system.mem_ctrls.dram.rank0.actPowerDownEnergy,0.0,stats.txt,gem5 simulation statistic
gem5_stats,system.mem_ctrls.dram.rank0.prePowerDownEnergy,0.0,stats.txt,gem5 simulation statistic
gem5_stats,system.mem_ctrls.dram.rank0.selfRefreshEnergy,0.0,stats.txt,gem5 simulation statistic
gem5_stats,system.mem_ctrls.dram.rank0.totalEnergy,18287040.0,stats.txt,gem5 simulation statistic
gem5_stats,system.mem_ctrls.dram.rank0.averagePower,580.596247,stats.txt,gem5 simulation statistic
gem5_stats,system.mem_ctrls.dram.rank0.totalIdleTime,0.0,stats.txt,gem5 simulation statistic
gem5_stats,system.mem_ctrls.dram.rank0.pwrStateTime::IDLE,1567000.0,stats.txt,gem5 simulation statistic
gem5_stats,system.mem_ctrls.dram.rank0.pwrStateTime::REF,1040000.0,stats.txt,gem5 simulation statistic
gem5_stats,system.mem_ctrls.dram.rank0.pwrStateTime::SREF,0.0,stats.txt,gem5 simulation statistic
gem5_stats,system.mem_ctrls.dram.rank0.pwrStateTime::PRE_PDN,0.0,stats.txt,gem5 simulation statistic
gem5_stats,system.mem_ctrls.dram.rank0.pwrStateTime::ACT,28890000.0,stats.txt,gem5 simulation statistic
gem5_stats,system.mem_ctrls.dram.rank0.pwrStateTime::ACT_PDN,0.0,stats.txt,gem5 simulation statistic
gem5_stats,system.mem_ctrls.dram.rank1.actEnergy,506940.0,stats.txt,gem5 simulation statistic
gem5_stats,system.mem_ctrls.dram.rank1.preEnergy,265650.0,stats.txt,gem5 simulation statistic
gem5_stats,system.mem_ctrls.dram.rank1.readEnergy,1435140.0,stats.txt,gem5 simulation statistic
gem5_stats,system.mem_ctrls.dram.rank1.writeEnergy,0.0,stats.txt,gem5 simulation statistic
gem5_stats,system.mem_ctrls.dram.rank1.refreshEnergy,2458560.0,stats.txt,gem5 simulation statistic
gem5_stats,system.mem_ctrls.dram.rank1.actBackEnergy,14178750.0,stats.txt,gem5 simulation statistic
gem5_stats,system.mem_ctrls.dram.rank1.preBackEnergy,155040.0,stats.txt,gem5 simulation statistic
gem5_stats,system.mem_ctrls.dram.rank1.actPowerDownEnergy,0.0,stats.txt,gem5 simulation statistic
gem5_stats,system.mem_ctrls.dram.rank1.prePowerDownEnergy,0.0,stats.txt,gem5 simulation statistic
gem5_stats,system.mem_ctrls.dram.rank1.selfRefreshEnergy,0.0,stats.txt,gem5 simulation statistic
gem5_stats,system.mem_ctrls.dram.rank1.totalEnergy,19000080.0,stats.txt,gem5 simulation statistic
gem5_stats,system.mem_ctrls.dram.rank1.averagePower,603.234594,stats.txt,gem5 simulation statistic
gem5_stats,system.mem_ctrls.dram.rank1.totalIdleTime,0.0,stats.txt,gem5 simulation statistic
gem5_stats,system.mem_ctrls.dram.rank1.pwrStateTime::IDLE,279250.0,stats.txt,gem5 simulation statistic
gem5_stats,system.mem_ctrls.dram.rank1.pwrStateTime::REF,1040000.0,stats.txt,gem5 simulation statistic
gem5_stats,system.mem_ctrls.dram.rank1.pwrStateTime::SREF,0.0,stats.txt,gem5 simulation statistic
gem5_stats,system.mem_ctrls.dram.rank1.pwrStateTime::PRE_PDN,0.0,stats.txt,gem5 simulation statistic
gem5_stats,system.mem_ctrls.dram.rank1.pwrStateTime::ACT,30177750.0,stats.txt,gem5 simulation statistic
gem5_stats,system.mem_ctrls.dram.rank1.pwrStateTime::ACT_PDN,0.0,stats.txt,gem5 simulation statistic
gem5_stats,system.mem_ctrls.power_state.pwrStateResidencyTicks::UNDEFINED,31497000.0,stats.txt,gem5 simulation statistic
gem5_stats,system.membus.transDist::ReadResp,286.0,stats.txt,gem5 simulation statistic
gem5_stats,system.membus.transDist::WritebackClean,13.0,stats.txt,gem5 simulation statistic
gem5_stats,system.membus.transDist::ReadExReq,79.0,stats.txt,gem5 simulation statistic
gem5_stats,system.membus.transDist::ReadExResp,79.0,stats.txt,gem5 simulation statistic
gem5_stats,system.membus.transDist::ReadCleanReq,230.0,stats.txt,gem5 simulation statistic
gem5_stats,system.membus.transDist::ReadSharedReq,56.0,stats.txt,gem5 simulation statistic
gem5_stats,system.membus.pktCount_system.cpu.icache.mem_side_port::system.mem_ctrls.port,473.0,stats.txt,gem5 simulation statistic
gem5_stats,system.membus.pktCount_system.cpu.icache.mem_side_port::total,473.0,stats.txt,gem5 simulation statistic
gem5_stats,system.membus.pktCount_system.cpu.dcache.mem_side_port::system.mem_ctrls.port,270.0,stats.txt,gem5 simulation statistic
gem5_stats,system.membus.pktCount_system.cpu.dcache.mem_side_port::total,270.0,stats.txt,gem5 simulation statistic
gem5_stats,system.membus.pktCount::total,743.0,stats.txt,gem5 simulation statistic
gem5_stats,system.membus.pktSize_system.cpu.icache.mem_side_port::system.mem_ctrls.port,15552.0,stats.txt,gem5 simulation statistic
gem5_stats,system.membus.pktSize_system.cpu.icache.mem_side_port::total,15552.0,stats.txt,gem5 simulation statistic
gem5_stats,system.membus.pktSize_system.cpu.dcache.mem_side_port::system.mem_ctrls.port,8640.0,stats.txt,gem5 simulation statistic
gem5_stats,system.membus.pktSize_system.cpu.dcache.mem_side_port::total,8640.0,stats.txt,gem5 simulation statistic
gem5_stats,system.membus.pktSize::total,24192.0,stats.txt,gem5 simulation statistic
gem5_stats,system.membus.snoops,0.0,stats.txt,gem5 simulation statistic
gem5_stats,system.membus.snoopTraffic,0.0,stats.txt,gem5 simulation statistic
gem5_stats,system.membus.snoopFanout::samples,365.0,stats.txt,gem5 simulation statistic
gem5_stats,system.membus.snoopFanout::mean,0.00274,stats.txt,gem5 simulation statistic
gem5_stats,system.membus.snoopFanout::stdev,0.052342,stats.txt,gem5 simulation statistic
gem5_stats,system.membus.snoopFanout::underflows,0.0,stats.txt,gem5 simulation statistic
gem5_stats,system.membus.snoopFanout::0,364.0,stats.txt,gem5 simulation statistic
gem5_stats,system.membus.snoopFanout::1,1.0,stats.txt,gem5 simulation statistic
gem5_stats,system.membus.snoopFanout::2,0.0,stats.txt,gem5 simulation statistic
gem5_stats,system.membus.snoopFanout::3,0.0,stats.txt,gem5 simulation statistic
gem5_stats,system.membus.snoopFanout::4,0.0,stats.txt,gem5 simulation statistic
gem5_stats,system.membus.snoopFanout::overflows,0.0,stats.txt,gem5 simulation statistic
gem5_stats,system.membus.snoopFanout::min_value,0.0,stats.txt,gem5 simulation statistic
gem5_stats,system.membus.snoopFanout::max_value,1.0,stats.txt,gem5 simulation statistic
gem5_stats,system.membus.snoopFanout::total,365.0,stats.txt,gem5 simulation statistic
gem5_stats,system.membus.power_state.pwrStateResidencyTicks::UNDEFINED,31497000.0,stats.txt,gem5 simulation statistic
gem5_stats,system.membus.reqLayer2.occupancy,430000.0,stats.txt,gem5 simulation statistic
gem5_stats,system.membus.reqLayer2.utilization,0.0,stats.txt,gem5 simulation statistic
gem5_stats,system.membus.respLayer1.occupancy,1229500.0,stats.txt,gem5 simulation statistic
gem5_stats,system.membus.respLayer1.utilization,0.0,stats.txt,gem5 simulation statistic
gem5_stats,system.membus.respLayer2.occupancy,729500.0,stats.txt,gem5 simulation statistic
gem5_stats,system.membus.respLayer2.utilization,0.0,stats.txt,gem5 simulation statistic
gem5_stats,system.membus.snoop_filter.totRequests,378.0,stats.txt,gem5 simulation statistic
gem5_stats,system.membus.snoop_filter.hitSingleRequests,14.0,stats.txt,gem5 simulation statistic
gem5_stats,system.membus.snoop_filter.hitMultiRequests,0.0,stats.txt,gem5 simulation statistic
gem5_stats,system.membus.snoop_filter.totSnoops,0.0,stats.txt,gem5 simulation statistic
gem5_stats,system.membus.snoop_filter.hitSingleSnoops,0.0,stats.txt,gem5 simulation statistic
gem5_stats,system.membus.snoop_filter.hitMultiSnoops,0.0,stats.txt,gem5 simulation statistic
gem5_stats,system.voltage_domain.voltage,1.0,stats.txt,gem5 simulation statistic
gem5_stats,system.workload.inst.arm,0.0,stats.txt,gem5 simulation statistic
gem5_stats,system.workload.inst.quiesce,0.0,stats.txt,gem5 simulation statistic
derived_metrics,total_instructions,5701.0,calculated,Total executed instructions
derived_metrics,total_ops,10302.0,calculated,Total operations including micro-ops
derived_metrics,total_memory_ops,2027.0,calculated,Total memory operations (loads + stores)
derived_metrics,total_spills,501.0,calculated,Total spill events detected
derived_metrics,spill_rate_memory,24.71632955106068,calculated,Spill rate as percentage of memory operations
derived_metrics,spill_rate_instructions,8.787931941764603,calculated,Spill rate as percentage of all instructions
derived_metrics,memory_intensity,35.55516576039292,calculated,Memory operations as percentage of all instructions
spill_analysis,unique_memory_addresses,160.0,spill_stats.txt,Unique memory addresses involved in spills
spill_analysis,unique_store_pcs,299.0,spill_stats.txt,Unique store PC addresses
spill_analysis,unique_load_pcs,306.0,cpp_spill_log.txt,Unique load PC addresses
spill_analysis,avg_spill_latency,1625562.874251497,cpp_spill_log.txt,Average spill latency in ticks
spill_analysis,min_spill_latency,2000.0,cpp_spill_log.txt,Minimum spill latency in ticks
spill_analysis,max_spill_latency,20914000.0,cpp_spill_log.txt,Maximum spill latency in ticks
spill_analysis,median_spill_latency,270000.0,cpp_spill_log.txt,Median spill latency in ticks
